{"cameraMode":{"drawMode":0,"name":"Shaded","section":"Shading Mode"},"sceneLighting":false,"audioPlay":false,"sceneViewState":{"m_AlwaysRefresh":false,"showFog":false,"showSkybox":false,"showFlares":false,"showImageEffects":false,"showParticleSystems":false,"showVisualEffectGraphs":true,"m_FxEnabled":true},"in2DMode":false,"pivot":{"x":-0.019168902188539506,"y":0.5773919820785523,"z":-0.17905932664871217},"rotation":{"x":-0.0002510997001081705,"y":0.99864661693573,"z":-0.004803258925676346,"w":-0.05186097323894501},"size":0.6008554697036743,"orthographic":false}