{"cameraMode":{"drawMode":0,"name":"Shaded","section":"Shading Mode"},"sceneLighting":false,"audioPlay":false,"sceneViewState":{"m_AlwaysRefresh":false,"showFog":true,"showSkybox":false,"showFlares":true,"showImageEffects":true,"showParticleSystems":true,"showVisualEffectGraphs":true,"m_FxEnabled":true},"in2DMode":false,"pivot":{"x":-0.0243852436542511,"y":0.029650121927261354,"z":0.011035941541194916},"rotation":{"x":0.049261871725320819,"y":0.09364590048789978,"z":-0.004639239050447941,"w":0.9943788051605225},"size":0.07081601023674011,"orthographic":true}